{
  "auc": 0.7717236467236467,
  "precision": 0.6770186335403726,
  "recall": 0.7569444444444444,
  "f1": 0.7147540983606557,
  "positive_rate": 0.4791666666666667,
  "n_rows": 1200
}